,family,name,number,id,try1
0,佐藤,蓮,10,482,20
1,伊藤,蒼,7,895,10
2,田中,樹,10,660,23
3,鈴木,紬,4,839,29
4,鈴木,陽菜,6,672,29
5,佐藤,紬,2,16,16
6,伊藤,碧,1,964,29
7,田中,湊,3,654,24
8,鈴木,蓮,8,745,18
9,鈴木,芽依,6,931,19
10,佐藤,蒼,8,790,28
11,伊藤,紬,2,656,19
12,伊藤,陽翔,8,105,18
13,高橋,碧,9,214,17
14,田中,湊,1,325,13
15,田中,朝陽,3,786,12
16,鈴木,樹,0,466,15
17,鈴木,蓮,0,182,28
18,高橋,陽菜,4,732,23
19,高橋,樹,6,849,16
20,鈴木,紬,2,471,29
21,佐藤,陽翔,6,890,14
22,佐藤,朝陽,4,423,28
23,鈴木,芽依,9,488,10
24,伊藤,葵,3,954,17
25,伊藤,陽翔,8,418,20
26,鈴木,陽葵,5,222,25
27,田中,陽翔,1,118,21
28,伊藤,陽葵,0,235,18
29,佐藤,樹,2,738,21
30,伊藤,蓮,6,447,16
31,高橋,陽葵,4,444,26
32,鈴木,陽菜,5,158,27
33,佐藤,葵,1,594,15
34,鈴木,陽葵,5,356,11
35,佐藤,陽菜,3,850,22
36,田中,湊,8,995,10
37,鈴木,凛,7,596,14
38,高橋,碧,9,834,27
39,伊藤,蓮,0,288,19
40,田中,樹,4,120,14
41,田中,碧,3,702,25
42,鈴木,蓮,3,48,30
43,高橋,碧,0,531,24
44,佐藤,陽菜,0,875,20
45,伊藤,朝陽,4,933,23
46,伊藤,蒼,1,741,12
47,佐藤,葵,2,124,22
48,佐藤,芽依,9,343,15
49,田中,樹,8,570,23
50,伊藤,陽翔,5,655,28
51,伊藤,凛,7,574,29
52,鈴木,樹,10,249,19
53,伊藤,碧,7,823,27
54,伊藤,凛,0,701,19
55,佐藤,葵,0,373,25
56,鈴木,芽依,9,329,17
57,伊藤,樹,10,897,15
58,佐藤,凛,3,97,14
59,高橋,碧,5,297,10
60,伊藤,芽依,6,750,25
61,田中,蒼,4,489,21
62,佐藤,葵,3,202,23
63,佐藤,葵,1,446,15
64,田中,蓮,9,144,23
65,伊藤,湊,6,232,27
66,伊藤,蒼,2,979,26
67,田中,朝陽,6,542,22
68,伊藤,蒼,3,963,24
69,伊藤,陽葵,7,783,19
70,鈴木,芽依,9,217,29
71,佐藤,葵,6,370,29
72,佐藤,碧,10,536,13
73,佐藤,碧,1,164,28
74,伊藤,凛,4,540,25
75,佐藤,蒼,10,748,28
76,佐藤,陽菜,8,640,26
77,佐藤,陽菜,7,58,27
78,佐藤,樹,4,70,12
79,鈴木,樹,10,563,21
80,鈴木,陽葵,4,982,29
81,高橋,蓮,10,165,24
82,鈴木,芽依,1,881,30
83,高橋,陽翔,1,664,24
84,伊藤,陽葵,2,211,18
85,高橋,陽翔,4,348,29
86,鈴木,碧,10,957,25
87,伊藤,凛,7,57,24
88,伊藤,凛,7,395,22
89,佐藤,葵,10,617,14
90,高橋,紬,1,345,28
91,田中,葵,10,162,28
92,佐藤,凛,5,811,13
93,高橋,陽菜,9,684,19
94,鈴木,陽菜,10,462,11
95,高橋,凛,4,56,14
96,佐藤,碧,9,652,10
97,田中,朝陽,2,245,25
98,伊藤,蒼,4,480,21
99,佐藤,蒼,2,636,23
100,伊藤,陽翔,6,224,22
101,伊藤,陽翔,7,487,23
102,佐藤,陽菜,6,323,22
103,田中,蒼,6,100,22
104,伊藤,芽依,6,926,22
105,田中,紬,1,83,21
106,佐藤,芽依,1,653,19
107,鈴木,陽葵,1,198,24
108,高橋,陽菜,6,920,21
109,高橋,陽菜,2,879,14
110,佐藤,湊,4,583,19
111,高橋,芽依,7,958,21
112,高橋,湊,4,136,28
113,田中,樹,8,23,17
114,高橋,湊,2,226,30
115,高橋,蒼,9,981,18
116,伊藤,朝陽,8,772,20
117,田中,蒼,8,919,11
118,田中,凛,9,112,15
119,田中,樹,3,274,11
120,伊藤,蒼,0,507,13
121,田中,碧,10,237,18
122,鈴木,紬,1,825,16
123,鈴木,紬,0,615,19
124,田中,蓮,8,138,11
125,高橋,芽依,6,443,17
126,佐藤,葵,0,951,17
127,田中,蓮,3,410,20
128,鈴木,碧,4,390,17
129,鈴木,湊,1,131,20
130,田中,湊,4,698,17
131,鈴木,陽翔,1,186,24
132,高橋,芽依,9,544,22
133,伊藤,碧,3,428,10
134,鈴木,蓮,10,137,30
135,田中,蒼,2,884,30
136,佐藤,朝陽,10,495,23
137,佐藤,碧,4,843,25
138,鈴木,陽菜,8,227,13
139,鈴木,紬,0,450,21
140,高橋,芽依,10,196,20
141,佐藤,湊,0,773,15
142,高橋,碧,0,81,10
143,伊藤,陽菜,1,830,25
144,高橋,陽菜,4,516,23
145,鈴木,樹,6,427,12
146,高橋,葵,5,878,13
147,佐藤,芽依,3,126,17
148,佐藤,凛,1,239,19
149,高橋,陽翔,7,179,13
150,高橋,朝陽,9,392,10
151,佐藤,陽翔,9,978,28
152,佐藤,葵,1,159,10
153,鈴木,凛,1,703,27
154,伊藤,紬,7,104,27
155,伊藤,凛,3,269,28
156,伊藤,葵,2,593,21
157,佐藤,蒼,4,631,14
158,鈴木,陽葵,3,90,16
159,鈴木,蒼,5,947,30
160,田中,蒼,10,718,10
161,田中,紬,5,923,26
162,鈴木,蓮,10,349,15
163,佐藤,蒼,5,939,20
164,佐藤,湊,8,847,28
165,佐藤,碧,10,623,21
166,伊藤,樹,0,803,14
167,高橋,紬,10,752,20
168,伊藤,陽葵,10,475,16
169,鈴木,陽菜,6,639,12
170,鈴木,芽依,6,406,14
171,田中,蓮,6,990,21
172,佐藤,蓮,6,292,30
173,田中,凛,7,316,21
174,田中,葵,0,717,23
175,田中,樹,3,759,21
176,田中,湊,4,785,18
177,田中,陽葵,4,886,13
178,伊藤,蒼,4,637,21
179,田中,凛,8,169,13
180,鈴木,陽翔,9,378,25
181,高橋,蒼,1,220,27
182,鈴木,葵,5,864,20
183,佐藤,陽葵,7,632,25
184,高橋,凛,4,340,27
185,伊藤,蒼,3,870,17
186,高橋,蒼,1,302,10
187,鈴木,朝陽,5,33,13
188,鈴木,陽翔,3,284,23
189,鈴木,陽翔,1,611,28
190,高橋,凛,9,767,21
191,田中,蒼,6,831,15
192,田中,蓮,6,133,19
193,佐藤,朝陽,6,644,15
194,田中,陽菜,5,310,11
195,高橋,陽葵,0,221,15
196,鈴木,紬,9,768,28
197,高橋,凛,10,845,11
198,佐藤,蓮,10,403,22
199,伊藤,湊,2,533,19
200,高橋,葵,4,513,24
201,田中,湊,1,941,19
202,高橋,朝陽,6,181,13
203,鈴木,陽菜,4,66,17
204,高橋,芽依,6,812,19
205,佐藤,陽葵,8,679,15
206,佐藤,碧,10,270,14
207,伊藤,蓮,8,318,18
208,田中,芽依,10,93,14
209,高橋,湊,10,380,28
210,高橋,朝陽,9,64,25
211,伊藤,樹,5,20,29
212,高橋,陽葵,9,868,28
213,高橋,湊,8,858,15
214,鈴木,陽翔,10,824,22
215,伊藤,陽葵,8,436,18
216,鈴木,紬,5,711,15
217,伊藤,陽菜,1,440,11
218,高橋,陽菜,6,327,28
219,佐藤,芽依,9,591,24
220,高橋,凛,5,940,24
221,伊藤,陽菜,1,49,22
222,伊藤,陽菜,1,145,23
223,高橋,蒼,8,988,19
224,佐藤,凛,0,37,26
225,高橋,朝陽,0,139,23
226,田中,陽翔,2,87,20
227,田中,碧,2,441,30
228,伊藤,葵,4,799,28
229,伊藤,湊,0,107,26
230,田中,蓮,4,399,28
231,佐藤,湊,6,769,25
232,鈴木,陽葵,6,285,29
233,伊藤,碧,2,998,26
234,高橋,陽葵,2,612,17
235,高橋,凛,7,828,13
236,鈴木,碧,8,483,17
237,鈴木,陽翔,2,989,29
238,伊藤,樹,9,74,28
239,田中,湊,2,969,27
240,伊藤,碧,5,433,12
241,田中,樹,1,676,28
242,高橋,湊,6,477,25
243,伊藤,蓮,10,385,30
244,鈴木,樹,9,827,22
245,鈴木,碧,4,364,22
246,鈴木,紬,10,41,30
247,鈴木,紬,9,914,22
248,佐藤,陽葵,2,180,26
249,佐藤,葵,7,586,21
250,田中,葵,1,190,15
251,高橋,湊,0,223,27
252,田中,陽葵,7,600,15
253,佐藤,陽翔,10,472,11
254,鈴木,葵,4,674,30
255,佐藤,芽依,10,161,16
256,佐藤,朝陽,4,368,22
257,高橋,朝陽,8,8,30
258,伊藤,紬,9,79,23
259,伊藤,朝陽,2,532,24
260,伊藤,陽葵,9,514,14
261,田中,碧,7,820,13
262,田中,陽菜,5,788,24
263,佐藤,樹,7,530,13
264,伊藤,湊,5,150,12
265,鈴木,蓮,5,341,25
266,高橋,樹,6,398,16
267,田中,紬,7,132,25
268,高橋,朝陽,10,402,11
269,佐藤,碧,2,177,19
270,田中,樹,10,256,16
271,田中,陽翔,6,313,26
272,伊藤,蒼,7,592,11
273,鈴木,陽菜,5,30,21
274,田中,碧,6,308,10
275,田中,樹,9,997,28
276,佐藤,朝陽,2,924,15
277,高橋,凛,4,170,23
278,鈴木,蒼,1,324,22
279,田中,朝陽,5,54,29
280,田中,葵,9,259,15
281,高橋,陽菜,0,728,25
282,鈴木,凛,2,298,10
283,佐藤,蓮,5,662,30
284,伊藤,葵,3,551,19
285,佐藤,蒼,10,289,23
286,佐藤,樹,8,826,26
287,鈴木,碧,10,519,23
288,鈴木,湊,5,422,24
289,田中,紬,1,493,21
290,高橋,蒼,6,109,15
291,伊藤,陽葵,4,374,24
292,鈴木,芽依,5,564,11
293,高橋,紬,10,209,14
294,田中,葵,7,461,26
295,伊藤,凛,0,130,12
296,佐藤,蒼,3,622,10
297,高橋,紬,0,13,12
298,田中,紬,7,154,11
299,田中,蒼,8,578,27
300,高橋,陽菜,8,649,13
301,佐藤,蓮,10,429,19
302,鈴木,陽葵,9,280,27
303,佐藤,蓮,7,218,16
304,伊藤,蒼,9,300,23
305,高橋,碧,2,597,30
306,鈴木,樹,1,248,30
307,伊藤,湊,4,301,15
308,鈴木,蓮,6,724,24
309,高橋,凛,5,502,29
310,鈴木,葵,8,721,18
311,伊藤,陽翔,5,193,10
312,高橋,陽翔,4,559,17
313,鈴木,葵,0,708,16
314,佐藤,凛,2,319,20
315,伊藤,蓮,1,35,23
316,高橋,碧,4,31,18
317,伊藤,碧,10,125,13
318,田中,陽菜,0,116,24
319,高橋,陽菜,7,84,17
320,鈴木,紬,2,883,26
321,佐藤,樹,7,135,24
322,高橋,陽翔,8,916,11
323,高橋,紬,10,240,28
324,田中,葵,1,76,22
325,鈴木,紬,5,409,12
326,高橋,碧,3,415,28
327,鈴木,樹,9,853,24
328,伊藤,樹,7,579,25
329,田中,陽菜,8,377,30
330,鈴木,陽翔,0,993,19
331,鈴木,陽翔,6,893,17
332,佐藤,陽葵,10,129,20
333,鈴木,葵,9,903,14
334,佐藤,凛,9,810,26
335,鈴木,碧,1,287,22
336,高橋,葵,0,798,12
337,田中,碧,9,554,28
338,佐藤,湊,6,509,22
339,高橋,湊,2,634,19
340,佐藤,陽菜,3,22,20
341,高橋,陽翔,6,696,21
342,鈴木,陽葵,7,203,11
343,鈴木,芽依,8,625,23
344,高橋,朝陽,3,659,16
345,鈴木,樹,8,5,22
346,高橋,凛,3,296,18
347,佐藤,陽翔,6,42,14
348,鈴木,樹,1,51,30
349,高橋,芽依,1,328,21
350,佐藤,凛,0,980,15
351,鈴木,樹,6,633,18
352,田中,葵,8,67,19
353,伊藤,葵,9,7,24
354,鈴木,凛,9,801,25
355,高橋,朝陽,6,764,18
356,田中,樹,2,194,22
357,佐藤,碧,0,199,22
358,佐藤,蓮,7,272,13
359,田中,朝陽,7,314,15
360,伊藤,芽依,10,167,15
361,伊藤,陽菜,9,590,17
362,佐藤,蓮,1,541,16
363,鈴木,朝陽,5,534,19
364,高橋,碧,10,928,11
365,高橋,陽葵,8,889,28
366,佐藤,芽依,1,311,24
367,高橋,湊,9,437,12
368,田中,蓮,7,618,23
369,伊藤,樹,5,114,26
370,鈴木,蒼,2,282,29
371,高橋,葵,7,846,24
372,高橋,朝陽,4,481,28
373,佐藤,陽翔,1,110,29
374,佐藤,蒼,1,778,30
375,高橋,紬,4,671,29
376,鈴木,葵,8,648,24
377,鈴木,碧,5,358,13
378,田中,蒼,4,50,30
379,田中,陽葵,7,14,22
380,鈴木,樹,7,892,11
381,伊藤,湊,1,96,22
382,伊藤,芽依,3,291,15
383,伊藤,葵,6,556,28
384,佐藤,蓮,9,760,12
385,佐藤,芽依,0,251,30
386,鈴木,陽葵,9,837,22
387,高橋,陽菜,10,163,19
388,高橋,朝陽,10,281,28
389,高橋,凛,10,2,17
390,伊藤,陽菜,0,805,25
391,鈴木,蒼,9,754,28
392,伊藤,凛,7,225,25
393,高橋,陽翔,4,156,28
394,鈴木,陽翔,0,468,21
395,高橋,陽葵,6,467,29
396,鈴木,陽葵,2,44,16
397,佐藤,蒼,8,585,11
398,伊藤,碧,9,372,15
399,高橋,湊,2,187,16
400,高橋,凛,3,432,25
401,田中,樹,2,576,19
402,高橋,芽依,5,299,19
403,佐藤,紬,6,626,23
404,高橋,蒼,6,710,23
405,高橋,葵,7,661,13
406,伊藤,凛,7,215,24
407,高橋,朝陽,2,716,16
408,鈴木,陽菜,5,244,23
409,鈴木,樹,10,608,18
410,佐藤,陽菜,7,3,10
411,田中,芽依,3,935,14
412,佐藤,紬,8,975,24
413,高橋,朝陽,2,46,16
414,伊藤,凛,10,807,29
415,伊藤,蒼,8,851,20
416,田中,蓮,0,956,17
417,高橋,陽菜,7,835,17
418,高橋,葵,6,720,13
419,伊藤,陽葵,1,261,29
420,佐藤,湊,7,763,24
421,鈴木,凛,10,967,10
422,高橋,湊,7,207,17
423,高橋,凛,3,401,12
424,佐藤,樹,8,569,13
425,田中,陽翔,10,677,30
426,高橋,紬,5,561,24
427,田中,陽翔,8,894,26
428,伊藤,陽菜,8,663,13
429,鈴木,碧,6,492,14
430,田中,朝陽,6,18,26
431,田中,朝陽,8,775,17
432,佐藤,葵,8,526,18
433,鈴木,湊,6,336,21
434,高橋,陽翔,7,365,27
435,高橋,芽依,10,106,23
436,伊藤,朝陽,6,899,16
437,鈴木,陽葵,5,819,23
438,田中,蒼,9,984,22
439,伊藤,樹,1,715,22
440,佐藤,紬,4,424,29
441,鈴木,陽翔,8,435,13
442,伊藤,陽葵,4,173,15
443,鈴木,樹,0,185,18
444,高橋,葵,8,473,29
445,伊藤,湊,10,147,23
446,田中,芽依,1,757,20
447,田中,紬,7,630,24
448,伊藤,樹,0,610,23
449,鈴木,朝陽,10,353,22
450,伊藤,蒼,4,949,12
451,鈴木,樹,3,673,15
452,田中,陽葵,1,452,15
453,鈴木,紬,1,117,20
454,伊藤,蒼,3,765,20
455,佐藤,陽菜,7,930,12
456,伊藤,陽翔,4,713,28
457,伊藤,蓮,9,909,28
458,田中,朝陽,2,431,24
459,高橋,陽葵,5,796,25
460,佐藤,碧,1,723,20
461,伊藤,陽翔,10,521,12
462,鈴木,凛,3,913,20
463,佐藤,陽葵,3,971,26
464,鈴木,朝陽,0,391,29
465,高橋,陽葵,2,802,10
466,田中,陽菜,3,722,25
467,伊藤,蓮,4,315,16
468,鈴木,芽依,9,73,30
469,鈴木,陽葵,1,621,20
470,佐藤,芽依,9,414,11
471,田中,陽葵,6,667,18
472,鈴木,凛,7,747,19
473,伊藤,陽翔,0,387,13
474,田中,蒼,7,817,17
475,田中,湊,9,528,18
476,伊藤,葵,7,766,13
477,佐藤,碧,6,517,13
478,佐藤,蓮,5,503,14
479,伊藤,陽菜,1,797,17
480,田中,樹,1,898,13
481,田中,紬,4,322,18
482,高橋,陽菜,1,95,15
483,田中,凛,2,262,12
484,田中,碧,6,188,15
485,高橋,碧,2,434,29
486,鈴木,陽葵,6,948,23
487,佐藤,陽葵,0,642,15
488,鈴木,蓮,2,149,28
489,高橋,湊,6,268,26
490,伊藤,蓮,0,142,20
491,伊藤,陽翔,5,581,21
492,高橋,凛,1,255,24
493,鈴木,陽翔,5,250,18
494,田中,樹,8,354,22
495,佐藤,葵,7,351,14
496,伊藤,陽菜,4,842,18
497,伊藤,葵,2,128,13
498,佐藤,陽葵,6,45,16
499,佐藤,紬,7,388,29
500,佐藤,碧,1,271,27
501,田中,朝陽,1,774,28
502,鈴木,蒼,4,793,21
503,田中,陽葵,2,92,19
504,佐藤,碧,2,961,16
505,鈴木,陽葵,10,123,30
506,伊藤,碧,2,777,19
507,佐藤,陽菜,5,228,14
508,高橋,樹,2,567,15
509,鈴木,蒼,5,795,22
510,佐藤,湊,6,476,10
511,鈴木,陽葵,9,994,16
512,高橋,陽菜,4,293,13
513,鈴木,碧,6,26,15
514,佐藤,湊,8,840,15
515,伊藤,蓮,3,599,12
516,田中,蓮,8,275,16
517,田中,陽葵,9,525,27
518,鈴木,陽葵,4,448,24
519,鈴木,陽翔,2,15,13
520,佐藤,樹,6,430,13
521,高橋,樹,1,985,26
522,佐藤,陽菜,0,665,15
523,佐藤,凛,5,55,27
524,伊藤,朝陽,3,743,19
525,高橋,芽依,9,108,29
526,佐藤,碧,7,21,12
527,田中,紬,3,549,22
528,高橋,凛,9,394,29
529,佐藤,葵,2,866,23
530,鈴木,芽依,7,689,19
531,佐藤,紬,2,518,24
532,伊藤,樹,9,63,24
533,鈴木,紬,4,172,22
534,伊藤,碧,2,932,29
535,佐藤,蒼,1,309,10
536,鈴木,陽菜,8,871,28
537,佐藤,紬,9,918,19
538,田中,朝陽,8,547,29
539,高橋,蒼,8,357,17
540,高橋,紬,8,968,18
541,高橋,陽翔,6,499,19
542,高橋,樹,0,712,28
543,田中,蓮,10,734,26
544,鈴木,朝陽,5,771,17
545,佐藤,芽依,0,127,21
546,鈴木,朝陽,3,553,10
547,田中,蓮,5,216,26
548,高橋,芽依,7,367,13
549,高橋,樹,7,602,26
550,鈴木,蓮,0,863,28
551,伊藤,陽翔,1,396,26
552,佐藤,陽菜,5,657,27
553,佐藤,紬,8,141,30
554,伊藤,陽翔,0,148,27
555,佐藤,紬,10,386,16
556,高橋,葵,7,192,21
557,田中,蒼,0,680,22
558,佐藤,蓮,7,339,29
559,鈴木,陽翔,9,751,15
560,鈴木,紬,4,613,24
561,高橋,蓮,3,498,30
562,高橋,樹,8,725,29
563,鈴木,陽翔,10,47,19
564,伊藤,芽依,7,379,29
565,高橋,蓮,3,707,18
566,伊藤,樹,3,267,23
567,鈴木,蓮,10,756,16
568,田中,陽葵,9,739,15
569,佐藤,蒼,9,922,30
570,伊藤,碧,9,856,17
571,佐藤,紬,8,776,16
572,鈴木,湊,9,243,24
573,佐藤,朝陽,0,876,27
574,佐藤,蒼,9,317,25
575,高橋,朝陽,3,305,30
576,伊藤,陽翔,10,950,14
577,高橋,湊,8,101,28
578,伊藤,陽翔,5,584,29
579,佐藤,陽葵,9,332,27
580,高橋,陽菜,3,565,10
581,伊藤,紬,2,524,12
582,鈴木,碧,3,548,16
583,鈴木,陽菜,5,34,18
584,鈴木,紬,2,0,27
585,佐藤,蓮,0,242,24
586,佐藤,湊,1,60,25
587,田中,蒼,1,781,28
588,佐藤,陽翔,8,238,12
589,高橋,碧,3,330,12
590,高橋,碧,0,645,16
591,高橋,蒼,5,818,17
592,伊藤,凛,6,629,17
593,佐藤,陽菜,9,616,10
594,高橋,朝陽,7,520,13
595,田中,葵,9,874,27
596,田中,樹,1,740,22
597,鈴木,蒼,10,320,28
598,鈴木,蓮,2,183,22
599,高橋,陽葵,10,575,21
600,伊藤,陽翔,3,247,19
601,田中,陽翔,3,68,21
602,伊藤,凛,2,550,27
603,鈴木,陽菜,0,627,30
604,田中,紬,7,478,22
605,高橋,蓮,5,89,16
606,高橋,蒼,6,11,11
607,鈴木,碧,10,753,22
608,鈴木,朝陽,10,103,28
609,高橋,樹,2,646,15
610,佐藤,蓮,7,12,28
611,伊藤,碧,8,363,18
612,佐藤,葵,4,557,20
613,佐藤,陽葵,2,624,14
614,高橋,湊,9,80,16
615,田中,蓮,9,212,19
616,鈴木,凛,0,873,22
617,田中,芽依,5,815,10
618,佐藤,紬,2,121,15
619,伊藤,陽葵,8,685,24
620,高橋,蓮,0,943,23
621,田中,陽菜,10,412,12
622,伊藤,湊,9,704,14
623,佐藤,朝陽,10,451,14
624,佐藤,蓮,1,692,18
625,鈴木,碧,8,201,15
626,鈴木,湊,10,726,25
627,佐藤,陽翔,3,992,12
628,伊藤,陽翔,8,944,18
629,田中,樹,5,290,13
630,佐藤,碧,1,171,21
631,鈴木,凛,3,366,28
632,高橋,凛,7,976,10
633,伊藤,凛,1,942,19
634,鈴木,樹,8,682,29
635,佐藤,芽依,5,670,10
636,鈴木,陽菜,0,307,16
637,伊藤,湊,0,404,13
638,高橋,芽依,10,94,11
639,佐藤,陽菜,8,966,28
640,佐藤,蒼,1,484,10
641,田中,碧,2,794,26
642,佐藤,陽菜,5,381,16
643,高橋,蒼,2,977,23
644,田中,湊,9,253,20
645,高橋,葵,8,907,14
646,田中,蒼,6,213,29
647,佐藤,凛,7,829,10
648,伊藤,陽翔,0,911,16
649,佐藤,芽依,4,32,12
650,田中,蓮,7,195,15
651,鈴木,芽依,7,651,16
652,佐藤,陽葵,4,449,19
653,伊藤,凛,8,896,25
654,伊藤,陽葵,4,510,19
655,高橋,湊,7,496,30
656,高橋,蓮,0,614,20
657,佐藤,湊,10,197,16
658,高橋,陽菜,2,643,23
659,佐藤,湊,10,1,13
660,高橋,陽翔,3,506,19
661,伊藤,葵,7,153,30
662,鈴木,紬,3,666,28
663,鈴木,紬,10,962,15
664,田中,凛,3,258,20
665,鈴木,葵,0,27,14
666,高橋,葵,3,888,13
667,伊藤,陽翔,5,761,25
668,高橋,紬,4,88,17
669,佐藤,湊,1,500,26
670,鈴木,陽翔,6,635,18
671,高橋,湊,8,231,25
672,田中,湊,1,342,15
673,高橋,葵,9,40,19
674,高橋,葵,8,604,24
675,鈴木,葵,4,910,19
676,佐藤,陽翔,3,972,29
677,田中,樹,8,587,15
678,佐藤,陽葵,9,733,10
679,伊藤,樹,3,838,22
680,佐藤,蓮,5,29,17
681,田中,凛,6,474,10
682,伊藤,陽菜,8,457,15
683,高橋,紬,4,607,14
684,佐藤,陽翔,3,675,26
685,高橋,芽依,4,787,18
686,高橋,芽依,5,901,17
687,伊藤,碧,6,338,30
688,伊藤,紬,6,160,15
689,伊藤,陽葵,7,306,24
690,佐藤,蓮,2,816,15
691,田中,碧,3,577,12
692,田中,蓮,3,809,10
693,田中,葵,4,885,11
694,田中,芽依,7,953,26
695,高橋,樹,3,687,29
696,鈴木,樹,9,151,21
697,田中,蓮,1,515,23
698,鈴木,樹,5,683,18
699,伊藤,陽葵,3,326,29
700,鈴木,陽翔,3,784,17
701,佐藤,蒼,7,996,15
702,佐藤,朝陽,5,861,25
703,佐藤,芽依,2,900,12
704,高橋,碧,10,991,16
705,伊藤,葵,9,208,23
706,鈴木,凛,0,730,27
707,鈴木,芽依,4,155,11
708,田中,陽翔,3,589,25
709,鈴木,芽依,0,397,17
710,田中,陽翔,2,668,17
711,田中,朝陽,8,10,27
712,高橋,樹,1,347,25
713,佐藤,湊,8,99,15
714,田中,蒼,6,844,30
715,伊藤,蒼,6,571,14
716,鈴木,碧,6,146,22
717,伊藤,碧,3,598,18
718,佐藤,陽翔,2,934,11
719,高橋,葵,7,742,23
720,高橋,陽菜,1,729,25
721,伊藤,樹,2,229,30
722,高橋,陽菜,2,85,28
723,伊藤,碧,3,891,15
724,伊藤,蓮,2,808,11
725,鈴木,芽依,4,438,27
726,鈴木,陽菜,6,420,18
727,田中,碧,10,115,14
728,鈴木,陽葵,4,836,12
729,田中,蒼,6,691,26
730,伊藤,蒼,3,560,18
731,田中,朝陽,1,921,15
732,鈴木,朝陽,7,283,18
733,佐藤,蒼,10,371,19
734,鈴木,凛,4,744,16
735,高橋,陽葵,1,501,12
736,伊藤,碧,3,641,16
737,佐藤,陽菜,3,359,25
738,伊藤,芽依,9,445,22
739,伊藤,蒼,0,375,27
740,鈴木,碧,7,389,14
741,田中,蒼,7,369,29
742,鈴木,碧,2,505,26
743,伊藤,碧,0,862,15
744,田中,蒼,10,204,25
745,鈴木,陽葵,1,362,28
746,佐藤,朝陽,8,511,28
747,鈴木,葵,6,945,26
748,佐藤,陽翔,4,113,27
749,鈴木,碧,4,191,12
750,鈴木,陽葵,0,69,14
751,佐藤,陽葵,3,737,30
752,鈴木,凛,5,746,13
753,佐藤,蒼,7,690,16
754,高橋,陽葵,1,465,19
755,伊藤,朝陽,8,413,10
756,高橋,紬,3,361,23
757,高橋,陽葵,0,71,13
758,佐藤,蒼,3,59,26
759,伊藤,葵,8,36,21
760,鈴木,芽依,6,936,16
761,高橋,蒼,5,813,28
762,高橋,朝陽,10,946,16
763,伊藤,蒼,1,346,12
764,高橋,碧,8,552,10
765,田中,紬,7,111,25
766,鈴木,蓮,7,78,21
767,佐藤,樹,9,383,29
768,田中,湊,2,699,15
769,田中,陽翔,2,647,15
770,鈴木,蓮,2,952,28
771,田中,朝陽,10,205,19
772,田中,陽菜,0,669,26
773,田中,紬,0,804,20
774,田中,紬,3,736,11
775,田中,朝陽,1,522,21
776,高橋,芽依,3,152,26
777,田中,朝陽,3,620,19
778,鈴木,陽葵,2,333,19
779,伊藤,芽依,2,770,18
780,高橋,陽葵,6,455,29
781,田中,蓮,9,727,16
782,田中,湊,6,485,22
783,田中,陽葵,6,102,11
784,伊藤,葵,9,419,17
785,佐藤,蓮,7,800,25
786,高橋,蓮,0,902,15
787,田中,陽葵,10,122,14
788,田中,湊,7,859,23
789,田中,芽依,10,17,11
790,田中,朝陽,6,335,28
791,高橋,紬,3,568,27
792,佐藤,樹,1,405,30
793,鈴木,湊,5,257,18
794,鈴木,湊,8,508,30
795,高橋,湊,5,273,18
796,高橋,紬,3,974,24
797,鈴木,湊,1,821,18
798,佐藤,蓮,4,854,21
799,田中,紬,3,294,17
800,鈴木,碧,5,857,20
801,佐藤,芽依,10,601,14
802,佐藤,凛,2,458,20
803,佐藤,碧,9,38,18
804,伊藤,湊,9,714,13
805,佐藤,紬,6,384,17
806,伊藤,芽依,10,175,29
807,鈴木,陽菜,2,456,28
808,高橋,湊,10,573,20
809,田中,湊,0,558,17
810,高橋,蓮,6,98,19
811,高橋,樹,5,65,15
812,鈴木,陽菜,0,512,15
813,高橋,凛,9,331,13
814,高橋,碧,5,442,21
815,伊藤,陽翔,10,986,11
816,伊藤,蓮,8,650,19
817,田中,凛,0,832,11
818,田中,碧,3,749,24
819,佐藤,碧,1,411,28
820,伊藤,凛,6,906,30
821,田中,陽翔,4,504,16
822,伊藤,湊,2,965,29
823,鈴木,凛,1,678,22
824,高橋,蒼,2,486,22
825,伊藤,紬,0,421,19
826,佐藤,陽葵,8,303,10
827,鈴木,陽菜,9,39,24
828,佐藤,葵,6,61,23
829,高橋,芽依,8,938,21
830,伊藤,陽菜,3,603,18
831,高橋,陽翔,5,789,10
832,伊藤,朝陽,3,709,29
833,高橋,陽菜,9,782,16
834,鈴木,芽依,4,543,29
835,鈴木,紬,7,206,20
836,佐藤,湊,3,246,29
837,伊藤,葵,7,230,21
838,高橋,陽翔,0,681,22
839,佐藤,碧,5,791,23
840,高橋,蓮,6,264,14
841,田中,葵,3,143,22
842,鈴木,陽翔,9,562,13
843,佐藤,葵,4,877,10
844,田中,陽翔,10,200,11
845,高橋,蒼,10,869,24
846,鈴木,陽葵,5,860,13
847,田中,樹,9,166,14
848,佐藤,朝陽,10,234,15
849,鈴木,凛,10,855,10
850,鈴木,陽翔,7,538,16
851,伊藤,湊,4,417,14
852,高橋,陽菜,6,546,16
853,高橋,碧,9,535,27
854,鈴木,碧,4,822,13
855,鈴木,蓮,0,523,28
856,高橋,陽菜,5,479,13
857,高橋,芽依,2,463,28
858,佐藤,朝陽,1,157,19
859,鈴木,陽菜,8,758,25
860,田中,蓮,8,265,24
861,鈴木,蓮,10,987,23
862,高橋,湊,1,72,24
863,高橋,蓮,1,588,14
864,高橋,湊,7,872,10
865,伊藤,碧,0,469,16
866,高橋,湊,0,695,17
867,鈴木,紬,3,393,15
868,鈴木,蒼,6,82,26
869,鈴木,陽翔,5,6,10
870,鈴木,紬,9,693,26
871,鈴木,陽葵,10,780,14
872,田中,朝陽,6,276,11
873,高橋,陽葵,10,595,29
874,田中,紬,0,278,28
875,鈴木,蒼,3,360,14
876,伊藤,湊,4,453,26
877,鈴木,陽翔,6,408,13
878,伊藤,陽翔,1,705,25
879,田中,芽依,8,841,20
880,佐藤,樹,3,321,15
881,鈴木,紬,10,960,25
882,鈴木,芽依,6,263,20
883,佐藤,紬,1,355,14
884,田中,陽菜,8,25,29
885,田中,陽葵,6,426,29
886,佐藤,芽依,3,460,20
887,田中,碧,10,352,24
888,鈴木,陽菜,3,279,19
889,伊藤,陽翔,8,382,22
890,佐藤,湊,5,908,27
891,田中,凛,7,91,21
892,伊藤,紬,4,545,11
893,田中,樹,1,86,11
894,佐藤,凛,7,983,17
895,佐藤,凛,5,168,23
896,高橋,湊,6,848,17
897,鈴木,陽翔,4,697,29
898,高橋,湊,10,494,10
899,伊藤,蓮,8,28,22
900,高橋,紬,2,999,29
901,高橋,蒼,8,628,13
902,高橋,陽菜,2,867,17
903,鈴木,蓮,1,529,30
904,鈴木,葵,5,77,20
905,田中,葵,5,735,15
906,高橋,樹,3,176,30
907,田中,陽葵,5,527,13
908,鈴木,陽菜,8,917,26
909,高橋,陽翔,1,688,12
910,鈴木,芽依,3,955,21
911,田中,樹,9,929,27
912,鈴木,紬,1,814,28
913,高橋,朝陽,9,638,26
914,田中,陽菜,7,189,29
915,佐藤,碧,10,762,11
916,高橋,蒼,0,555,22
917,鈴木,朝陽,4,24,30
918,高橋,陽翔,3,491,15
919,佐藤,陽翔,3,905,12
920,佐藤,陽翔,4,184,15
921,伊藤,葵,0,880,11
922,伊藤,芽依,1,254,15
923,佐藤,芽依,6,344,15
924,高橋,樹,1,9,16
925,田中,碧,10,572,14
926,田中,蓮,4,580,25
927,高橋,湊,10,970,24
928,高橋,芽依,8,694,10
929,佐藤,凛,9,605,16
930,高橋,蒼,8,706,20
931,伊藤,朝陽,7,915,23
932,鈴木,朝陽,8,882,23
933,伊藤,陽翔,1,376,11
934,高橋,碧,1,134,28
935,伊藤,蓮,7,277,20
936,伊藤,朝陽,4,887,18
937,佐藤,紬,0,210,18
938,佐藤,陽葵,9,852,24
939,伊藤,陽翔,10,582,17
940,田中,凛,4,233,10
941,鈴木,葵,5,973,23
942,鈴木,蓮,1,219,22
943,田中,凛,7,119,10
944,伊藤,蓮,9,470,24
945,高橋,樹,4,19,12
946,高橋,陽葵,7,731,25
947,鈴木,凛,10,806,20
948,佐藤,凛,10,241,12
949,高橋,紬,10,400,21
950,伊藤,紬,5,43,18
951,田中,葵,0,937,22
952,田中,蓮,9,286,21
953,伊藤,陽菜,6,439,28
954,田中,樹,10,464,17
955,高橋,陽葵,8,140,29
956,田中,蓮,10,658,25
957,鈴木,紬,8,266,21
958,佐藤,葵,1,700,30
959,佐藤,葵,8,904,14
960,伊藤,湊,1,865,10
961,鈴木,樹,0,537,11
962,伊藤,紬,4,490,15
963,鈴木,蒼,3,539,27
964,伊藤,朝陽,3,425,18
965,高橋,陽葵,0,833,25
966,鈴木,紬,9,236,29
967,伊藤,蒼,0,75,28
968,鈴木,朝陽,8,912,23
969,高橋,湊,7,779,15
970,鈴木,碧,4,925,25
971,伊藤,樹,10,755,19
972,高橋,湊,8,566,15
973,鈴木,紬,2,459,26
974,高橋,陽翔,4,174,22
975,高橋,芽依,10,178,18
976,佐藤,蓮,7,295,28
977,佐藤,湊,9,719,27
978,佐藤,碧,10,959,13
979,高橋,樹,1,312,28
980,田中,陽葵,1,927,18
981,伊藤,蒼,3,4,16
982,高橋,蓮,9,619,13
983,佐藤,陽翔,6,792,30
984,高橋,紬,2,337,21
985,高橋,碧,0,252,22
986,佐藤,芽依,4,304,22
987,鈴木,碧,4,52,15
988,佐藤,凛,7,416,29
989,伊藤,陽翔,8,62,22
990,田中,芽依,0,606,28
991,高橋,芽依,2,609,21
992,鈴木,樹,6,334,27
993,高橋,凛,1,407,12
994,伊藤,陽翔,9,454,10
995,伊藤,陽菜,9,497,21
996,鈴木,凛,8,53,29
997,鈴木,樹,9,260,10
998,鈴木,陽菜,1,350,22
999,高橋,凛,5,686,21
